CustomerID,TotalRevenue
Unknown,1447487.53
14646,279489.02
18102,256438.49
17450,187322.17
14911,132458.73
12415,123725.45
14156,113214.59
17511,88125.38
16684,65892.08
13694,62690.54
15311,59284.19
13089,57322.13
14096,57120.91
15061,54228.74
16029,53168.69
17949,52750.84
15769,51823.72
14298,50862.44
14088,50415.49
17841,39869.05
13798,36352.87
16422,33805.69
12931,33462.81
16013,33366.25
15838,33350.76
17389,31300.08
17404,30300.82
13098,28658.88
12748,28405.56
13081,27964.48
13408,27487.41
14680,26932.34
17857,26763.34
16333,26626.8
13777,25748.35
15749,21535.9
16210,21086.3
12753,21024.01
17381,20272.43
17675,20098.1
15039,19638.59
12731,18793.41
12471,18705.52
15159,18573.68
12678,17588.26
17428,17078.45
13881,16989.52
13767,16945.71
12921,16389.74
12901,16293.1
17677,16201.37
15856,15929.74
15189,15802.14
14051,15477.34
16839,15357.78
14031,14634.64
15513,14520.08
16133,14305.66
14866,14197.45
16705,13946.13
12681,13677.59
12621,13612.07
12433,13375.87
12540,13309.04
12477,13117.01
17735,13110.02
14258,12650.08
13078,12432.28
15498,12396.46
16000,12393.7
15640,12336.74
12682,12279.82
12557,11990.96
16525,11895.57
17340,11891.18
14606,11633.35
12939,11581.8
14194,11216.75
15125,11117.05
12409,11056.93
14895,11020.26
14607,10981.1
12971,10930.26
13340,10736.48
17581,10716.31
13319,10664.34
17139,10567.87
13113,10510.0
14062,10464.85
16779,10436.05
14769,10379.93
17107,10362.48
15615,10360.04
15251,10327.11
16180,10217.48
16843,10183.82
17865,10158.54
17706,10097.37
12590,9861.38
13199,9803.96
13001,9765.07
15078,9623.35
13458,9537.92
14733,9451.54
16523,9295.67
12709,9264.1
14667,9165.04
14367,9134.12
12744,9120.39
12567,9114.94
18092,9065.76
13969,8956.92
12451,8933.52
13488,8910.61
16033,8690.03
13090,8689.39
17306,8600.73
17017,8574.11
16656,8568.24
17243,8491.75
18139,8393.22
16558,8257.04
15358,8235.65
12683,8221.09
14936,8117.42
16672,8093.59
14056,8062.46
13854,8025.02
14952,7912.79
14849,7904.28
18109,7877.27
12428,7877.2
12435,7829.89
15290,7803.77
14796,7792.51
13629,7792.36
13093,7741.47
14527,7709.69
17811,7601.8
15044,7563.88
15194,7521.17
18172,7490.17
13263,7436.93
17396,7330.8
18229,7276.9
13018,7272.75
12583,7187.34
16745,7157.1
12980,7092.06
13324,7072.8
16873,7066.31
12474,7064.77
16729,7041.69
13985,7024.53
14961,7006.58
12766,6989.63
12798,6977.04
15465,6945.02
13027,6912.0
12989,6854.51
16187,6841.24
17416,6838.34
16713,6827.88
12705,6814.24
16532,6748.8
12830,6748.4
15601,6745.36
18055,6729.29
13576,6703.3
15023,6680.81
16746,6676.76
16353,6675.71
15249,6657.36
16652,6654.26
16182,6617.65
12476,6546.58
15144,6530.04
16923,6488.3
17338,6461.79
15694,6423.6
16814,6408.2
15482,6393.52
13871,6389.8
12626,6388.35
12431,6348.89
13102,6336.29
18223,6315.23
16126,6287.77
12472,6229.48
13709,6228.71
12357,6207.67
17315,6193.43
12359,6182.98
13668,6162.31
15005,6160.54
14057,6141.1
14060,6135.38
15939,6102.26
13225,6083.04
17509,6069.24
14101,5976.79
12637,5934.25
15382,5927.86
13097,5886.12
13418,5845.44
14944,5842.95
13209,5820.16
14735,5807.69
14505,5772.49
14415,5766.85
15218,5756.89
17686,5739.46
13178,5725.47
12720,5713.28
13050,5684.61
14110,5669.65
16553,5664.57
13468,5656.75
13004,5613.43
13534,5613.08
17049,5589.83
12839,5583.62
16767,5575.56
12481,5574.36
17757,5573.59
13316,5570.69
18118,5567.03
15502,5541.46
14049,5536.15
17716,5505.79
16985,5461.62
16609,5450.96
16265,5423.15
12490,5417.93
15805,5411.87
17719,5367.8
18225,5356.86
13269,5312.97
16161,5311.08
16303,5305.83
17850,5303.48
17730,5288.83
15150,5280.83
16258,5203.51
18226,5192.1
15727,5159.06
12362,5154.58
16701,5150.27
13756,5145.12
17858,5140.66
15903,5126.34
17061,5116.13
18198,5083.06
12432,5059.32
13139,5055.79
14688,5055.61
16700,5040.0
15719,5028.42
13599,5026.85
17426,5022.26
15301,5007.72
12444,5005.46
17602,5002.22
14755,4965.38
15046,4940.66
16191,4913.32
13941,4912.41
14709,4911.14
15547,4910.6
12437,4896.66
17133,4892.24
14329,4889.14
12688,4873.81
12700,4867.99
12664,4863.88
15786,4821.0
14292,4819.33
15738,4788.77
13013,4786.99
17365,4767.36
15555,4747.89
17652,4737.13
12955,4734.26
17690,4717.3
16722,4711.21
12714,4708.86
14135,4690.31
15152,4684.24
14562,4676.62
15187,4670.08
14191,4660.01
14180,4640.77
17809,4627.62
14159,4615.64
14189,4604.31
15291,4596.51
14286,4595.81
14004,4582.64
14390,4582.22
16931,4554.87
17068,4531.34
17613,4494.77
12524,4485.72
12484,4480.87
12627,4478.53
15032,4464.1
17364,4437.23
15093,4410.14
14085,4408.54
13267,4404.44
15955,4389.81
17975,4388.06
16626,4379.65
16984,4370.59
12752,4366.78
16945,4345.5
15874,4330.67
14016,4328.46
18251,4314.72
12347,4310.0
17937,4301.22
13505,4282.88
14422,4263.64
15034,4243.21
12712,4241.63
14800,4228.39
12500,4206.27
12757,4205.25
17419,4200.97
15971,4199.85
12747,4196.01
12949,4143.02
13384,4122.28
17920,4119.5
12536,4106.82
14525,4105.07
13555,4098.88
13988,4098.8
15570,4093.27
18041,4075.12
16592,4073.28
12449,4067.29
12569,4064.99
14092,4063.1
16401,4061.24
14401,4039.98
16549,4034.9
14534,4025.6
16670,4022.46
13815,4014.91
17567,4012.56
12378,4008.62
16186,3991.94
17001,3989.57
12656,3982.72
12957,3979.04
15416,3974.37
12867,3958.74
13183,3957.78
14547,3953.95
12727,3947.7
15529,3935.15
14277,3928.8
17611,3924.77
17769,3920.08
14426,3918.9
17593,3908.08
13802,3906.27
14739,3899.1
17651,3886.67
17377,3883.32
14291,3873.3
12779,3868.7
12749,3868.2
13999,3865.26
15195,3861.0
12539,3852.5
15804,3848.55
18073,3846.74
12841,3845.63
16327,3820.27
12662,3817.08
17091,3802.81
15867,3795.29
13435,3794.49
16655,3789.52
15299,3787.09
12562,3781.74
15298,3774.1
16168,3770.6
18087,3770.12
13124,3756.33
17173,3755.65
13523,3755.38
12429,3750.4
12668,3743.18
16145,3741.98
12502,3723.87
17238,3719.1
13266,3717.67
14364,3717.35
13069,3713.14
14282,3701.44
16240,3693.81
12597,3683.13
12647,3669.92
16253,3665.62
17819,3661.07
16904,3653.75
12553,3652.25
15845,3650.87
15808,3641.07
16440,3640.67
15379,3631.89
13381,3626.81
16570,3622.95
13327,3617.57
18079,3613.15
16712,3611.31
15296,3610.31
13082,3595.48
14132,3580.13
12417,3578.8
16242,3574.91
17203,3560.08
15484,3559.21
13137,3557.96
13426,3550.7
14503,3543.26
15544,3542.51
12370,3541.94
17491,3541.92
17528,3540.1
13552,3539.53
17160,3518.03
13953,3515.68
16131,3506.54
13334,3502.32
15505,3497.14
13520,3487.75
14040,3487.59
16458,3482.74
14907,3478.85
17230,3466.67
13448,3460.99
15410,3450.84
16019,3450.24
15129,3447.4
13536,3444.39
14395,3444.11
15974,3429.55
14221,3427.85
15581,3425.77
13993,3409.66
15981,3408.48
17758,3408.2
13437,3408.06
17669,3406.72
17576,3399.93
13842,3385.62
13198,3384.09
15228,3376.96
17725,3371.13
13014,3365.43
16011,3352.96
16360,3349.57
12643,3344.64
13015,3339.64
15113,3339.51
13148,3324.62
15676,3324.09
12594,3320.22
16818,3317.97
14227,3315.71
16556,3313.79
13373,3312.25
14841,3295.76
17183,3286.91
12480,3281.63
12406,3280.75
17723,3276.4
16717,3263.06
13952,3246.09
15764,3245.47
15622,3224.53
13880,3219.77
12613,3218.98
12619,3214.81
14702,3210.29
16107,3204.16
15708,3200.73
13868,3192.54
13758,3190.55
14844,3189.81
15443,3188.84
17220,3187.55
17050,3185.64
14388,3172.04
16837,3167.73
16041,3166.4
17863,3160.0
17685,3155.83
12456,3153.89
14145,3148.2
15632,3147.31
15065,3135.98
13268,3127.7
13685,3119.44
14175,3108.06
17672,3106.62
13135,3096.0
14235,3093.86
14099,3092.97
15491,3090.85
14257,3087.27
13362,3085.49
13869,3083.65
17059,3080.39
13742,3079.27
13047,3079.1
17231,3078.22
12910,3075.04
15998,3074.42
14565,3073.77
18272,3064.78
16218,3054.87
16940,3049.88
16607,3038.67
16709,3029.87
13631,3021.77
16905,3020.65
18094,3017.3
16326,3014.22
16678,3013.83
17799,3009.32
12598,3002.68
14456,3002.51
12395,2998.28
14307,2995.72
16156,2994.62
12670,2986.15
15861,2981.92
15687,2981.5
15854,2969.12
16497,2965.69
17659,2954.75
14639,2952.34
14146,2949.57
12754,2949.12
16686,2940.53
17444,2940.04
14868,2939.64
16393,2935.8
14032,2929.84
12916,2921.15
17512,2920.04
12906,2919.81
14543,2916.17
15514,2907.45
12438,2906.85
17924,2894.33
18144,2888.75
14251,2879.7
16633,2878.15
14005,2874.72
13901,2867.2
15628,2865.64
12685,2863.08
14530,2862.11
18145,2861.55
14299,2855.35
12408,2842.57
13451,2838.56
12473,2837.73
14852,2836.69
14535,2831.74
12356,2811.43
14711,2809.02
17596,2806.69
16081,2799.42
12758,2791.59
17739,2786.05
12388,2780.66
14572,2775.39
14112,2774.17
13769,2771.87
17644,2768.98
13735,2764.48
16871,2761.49
15114,2760.56
15984,2759.93
14626,2757.07
16316,2755.56
12578,2753.36
13870,2751.25
16764,2749.95
16928,2748.6
17084,2747.99
17504,2745.28
13174,2742.82
17213,2741.08
14121,2740.3
15993,2736.92
16003,2735.37
14854,2730.09
14903,2729.18
15673,2726.23
14125,2720.63
12380,2720.56
15356,2718.03
18230,2716.6
12840,2714.27
13230,2712.07
13285,2709.12
13654,2707.33
13971,2702.22
14107,2688.48
17386,2686.42
14732,2686.34
15796,2663.66
15321,2663.48
12360,2662.06
14439,2661.24
14713,2660.1
18097,2657.45
17069,2655.22
13851,2651.46
15671,2635.49
17402,2633.85
13771,2631.7
16618,2630.64
12721,2628.98
18210,2621.38
15696,2619.11
14262,2618.23
15752,2618.15
12708,2616.32
12625,2614.32
12836,2610.36
16255,2609.3
12726,2609.1
13422,2601.55
17965,2599.19
14408,2599.03
13644,2597.52
15782,2593.94
16919,2592.25
13983,2590.46
16241,2590.31
13804,2588.39
13895,2588.12
18077,2584.41
13021,2584.4
12520,2582.51
12600,2581.04
13911,2580.91
18260,2580.15
15521,2574.65
17655,2571.74
15485,2564.5
16308,2560.0
17346,2557.9
14397,2556.68
13136,2545.38
14676,2543.24
15033,2541.53
14334,2539.46
13883,2538.75
18075,2538.72
14243,2535.88
15572,2533.42
17317,2524.02
15245,2515.84
17728,2515.68
17314,2514.76
13344,2511.69
17700,2508.89
16912,2508.87
18245,2507.56
13695,2504.13
17449,2503.21
13471,2501.84
16477,2494.46
12913,2483.63
14546,2482.86
13507,2479.16
15271,2472.09
16710,2467.99
12455,2466.86
17164,2466.4
17131,2463.17
14701,2462.94
13784,2462.79
15932,2461.85
17682,2459.33
14315,2456.98
14842,2456.8
14659,2456.53
15750,2448.8
14163,2445.91
13588,2445.12
12517,2443.65
13975,2438.19
13949,2427.32
14766,2423.07
15606,2422.64
13658,2421.47
15089,2420.84
16143,2419.84
12397,2409.9
17589,2404.17
15980,2398.86
13141,2385.8
17071,2385.48
17722,2380.64
18065,2380.08
13722,2369.16
17530,2367.12
14930,2362.96
14493,2362.84
15370,2360.55
14030,2358.84
17634,2358.59
14440,2357.68
15140,2350.0
15527,2347.57
13908,2347.05
18259,2338.6
17434,2333.42
12483,2327.13
14239,2323.5
14309,2319.68
15755,2318.88
13394,2312.8
14502,2310.18
14290,2307.45
15288,2306.52
15785,2303.75
17211,2299.67
15105,2298.93
15270,2298.2
13704,2295.31
15704,2293.62
12615,2291.19
17744,2291.08
17313,2288.13
12684,2283.63
14554,2279.49
17954,2276.78
17188,2275.58
13994,2274.14
12782,2273.32
14466,2272.4
17838,2267.4
16550,2266.25
18257,2265.38
16209,2262.62
13700,2248.63
14432,2248.5
15235,2247.51
16771,2242.61
15281,2239.95
16293,2236.74
18242,2232.49
16782,2230.3
15665,2222.21
14825,2221.01
12704,2220.84
13527,2218.61
12876,2218.02
16735,2216.06
15373,2213.11
17442,2210.26
12653,2209.85
14211,2208.3
15797,2207.4
13115,2205.63
12755,2203.2
17696,2201.05
15123,2199.31
13680,2199.01
13831,2198.45
14776,2195.58
14700,2195.1
17591,2192.72
13365,2191.22
13862,2187.31
15179,2186.2
14226,2184.24
15394,2183.54
16628,2183.04
14560,2174.18
16076,2173.53
15811,2171.32
15722,2169.86
16743,2166.88
16456,2158.18
12935,2156.45
12856,2153.53
14808,2152.8
14341,2151.08
13224,2150.85
16966,2148.47
17272,2144.53
12633,2140.63
16057,2140.22
13317,2140.07
14828,2139.76
16379,2131.9
12909,2128.83
18061,2119.41
14360,2118.03
18008,2116.19
13632,2114.68
14691,2114.33
14407,2111.08
13517,2109.07
18173,2106.84
14461,2103.06
15058,2102.54
13755,2101.39
12560,2101.39
15815,2100.6
17400,2097.84
17191,2093.68
13265,2092.66
13297,2089.85
12501,2089.68
13571,2088.94
18044,2085.65
14810,2085.33
16954,2085.08
18093,2083.42
14306,2083.42
17768,2081.9
16407,2079.68
14515,2076.89
15834,2076.3
14696,2070.97
14209,2067.13
12928,2062.7
16281,2062.06
18241,2058.09
12610,2057.99
12518,2056.89
13126,2056.29
17861,2056.28
17667,2055.51
18231,2054.67
12948,2053.7
17086,2050.08
18283,2045.53
17597,2044.37
14232,2043.93
13450,2043.72
17846,2033.1
14001,2030.33
16358,2024.95
14640,2024.45
16875,2023.47
16409,2022.98
14482,2022.81
15341,2020.52
17625,2020.4
18219,2019.77
14188,2018.91
15372,2007.4
16098,2005.63
14544,2004.3
17082,2003.85
16754,2002.4
13305,2000.86
18188,1998.49
16698,1998.0
13630,1995.68
18069,1994.39
17612,1992.76
17679,1992.11
17088,1991.01
13495,1990.12
17827,1987.33
12585,1982.81
13590,1976.12
17090,1972.55
15531,1972.39
13593,1965.08
17790,1964.3
18204,1960.95
14506,1960.65
16341,1959.38
14498,1957.32
17554,1952.45
17218,1951.97
14462,1942.45
14418,1937.25
14655,1930.15
17490,1926.88
14653,1926.65
14217,1925.36
12528,1922.28
12674,1922.26
14978,1921.37
15493,1918.86
12457,1917.78
17406,1912.72
14285,1910.01
14409,1908.25
17228,1906.09
16150,1906.07
15819,1905.45
14250,1904.05
14210,1900.89
12762,1898.52
14730,1897.57
17337,1897.51
17940,1897.18
13246,1896.32
16983,1894.82
12584,1893.95
15518,1890.99
14934,1888.84
12371,1887.96
15641,1887.2
12853,1881.7
16170,1880.42
16128,1880.22
16942,1878.51
16938,1878.43
16986,1873.2
15157,1869.5
15367,1867.69
16426,1863.76
17738,1863.35
14887,1862.0
13982,1861.11
17870,1860.94
13890,1860.86
17463,1860.81
17293,1854.06
17422,1853.13
14472,1852.67
12423,1849.11
14524,1843.83
18180,1843.75
17469,1843.06
12950,1843.0
15814,1842.73
16102,1842.14
16455,1841.18
12963,1841.03
12383,1839.31
14216,1839.3
17519,1839.07
17015,1838.61
14459,1837.92
18287,1837.28
15351,1836.69
13421,1831.61
15021,1829.23
16152,1829.04
15203,1827.8
16153,1824.23
16169,1822.97
16201,1821.52
17787,1817.54
14533,1812.62
13725,1809.81
13650,1809.34
16979,1809.05
12381,1803.96
14305,1803.76
15812,1801.14
16249,1800.07
13562,1799.33
13196,1797.78
12348,1797.24
18235,1796.48
18179,1793.17
18122,1793.06
17648,1789.55
13048,1789.41
17663,1788.27
13875,1786.79
13510,1785.16
14608,1785.15
14935,1784.71
17629,1784.12
17705,1781.12
15260,1780.77
14215,1777.92
13481,1776.81
16841,1774.62
17092,1774.03
16681,1770.34
15864,1769.78
15594,1767.53
14621,1765.76
16751,1764.72
12424,1760.96
12823,1759.5
15220,1758.92
12349,1757.55
12645,1755.38
17873,1754.16
16719,1753.72
16474,1750.62
13808,1747.66
12523,1745.57
15067,1744.76
15674,1744.02
16380,1743.15
13134,1740.63
14595,1740.6
17930,1740.48
17353,1740.0
15241,1738.59
13456,1737.82
17457,1737.7
14673,1736.4
17043,1735.18
14387,1727.6
13157,1721.57
17702,1719.72
15267,1717.36
17750,1710.45
12405,1710.39
13094,1708.86
15947,1708.24
12407,1708.12
17162,1707.21
16902,1706.88
13824,1698.94
14834,1698.35
12764,1693.88
16007,1693.81
16671,1692.27
16775,1691.51
16791,1690.28
13763,1689.46
12635,1689.18
15240,1685.57
17282,1685.46
15950,1684.46
15050,1682.77
15380,1682.36
13924,1682.08
12843,1680.76
17147,1679.64
14245,1677.48
16638,1676.47
13149,1676.06
17656,1674.69
17193,1674.46
12912,1662.3
15214,1661.44
15332,1661.06
16115,1660.88
14045,1659.75
13577,1658.3
16813,1652.18
16711,1651.03
15826,1649.36
17451,1648.95
13750,1647.26
13162,1644.99
15549,1643.96
17813,1641.79
15002,1641.76
15827,1641.48
14837,1641.2
13647,1640.22
17284,1636.58
15024,1636.43
12398,1635.66
15953,1632.43
17754,1632.31
14164,1631.77
16398,1631.15
12377,1628.12
14759,1625.97
13425,1624.21
16515,1624.14
15172,1624.05
13627,1624.02
12530,1623.63
17101,1621.73
14937,1617.63
16987,1616.8
13184,1616.45
14336,1614.91
18161,1612.79
15122,1612.13
14312,1611.59
14918,1610.15
12669,1607.73
12868,1607.06
15791,1604.44
12783,1603.87
16992,1601.86
14178,1600.26
17828,1599.97
16466,1595.96
14970,1592.06
14573,1590.12
17673,1588.07
13850,1586.81
13614,1585.46
12393,1582.6
16889,1578.67
14587,1577.39
18178,1573.41
16332,1572.8
14719,1571.89
15611,1568.39
15111,1567.48
16496,1562.22
13814,1562.12
18239,1561.61
16676,1558.72
13313,1555.32
14038,1554.48
15660,1552.01
17085,1550.8
15117,1550.13
12865,1548.07
13634,1547.36
16369,1545.41
12352,1545.41
14441,1545.14
14442,1544.62
13659,1540.65
16365,1540.42
13186,1539.69
13397,1539.18
13849,1537.95
12877,1535.77
17159,1534.73
16283,1531.51
12759,1531.44
14321,1530.75
15701,1529.0
14567,1524.46
15620,1524.4
13107,1524.07
16244,1522.75
15906,1521.79
16066,1521.04
16790,1520.12
13764,1519.42
13213,1518.43
12818,1517.88
16748,1515.9
15392,1515.73
16053,1511.95
16434,1511.8
16910,1508.96
17837,1508.38
15265,1506.12
15625,1504.56
12937,1504.27
17152,1503.5
17997,1503.09
15532,1500.88
15530,1497.31
14704,1493.96
16880,1491.43
16279,1489.88
15057,1489.5
17002,1487.78
17553,1487.6
14414,1485.13
14758,1484.06
16395,1482.06
18016,1477.66
14878,1476.09
13320,1475.2
14246,1474.06
14963,1472.34
12826,1468.12
17590,1468.02
13692,1466.87
15916,1466.01
15473,1465.2
15983,1465.12
16755,1463.23
12882,1463.04
16359,1460.37
13309,1456.79
14541,1453.35
16059,1453.16
13110,1452.87
14229,1450.6
14875,1448.72
14233,1447.51
16817,1446.95
17073,1446.09
13461,1445.0
13477,1441.53
16016,1440.06
15987,1432.77
13717,1432.26
14566,1432.0
13475,1431.78
17175,1430.94
15427,1430.54
16103,1429.64
14035,1428.02
15858,1427.57
16996,1427.46
14403,1426.31
17571,1425.67
14740,1423.21
17063,1421.59
16503,1421.43
15128,1419.54
17288,1417.63
16348,1415.65
16012,1415.29
14901,1414.99
15237,1412.32
16394,1412.06
15444,1411.21
14404,1409.72
15106,1407.73
12947,1407.29
16173,1406.57
17083,1405.78
18116,1403.11
14649,1402.59
14443,1400.88
14741,1400.34
15478,1399.92
14019,1398.96
16271,1398.69
18202,1396.99
17856,1393.79
17354,1393.06
13414,1390.5
13516,1389.41
16539,1388.81
15134,1387.99
15426,1386.58
17311,1384.85
13572,1384.25
16463,1383.7
13995,1383.49
15051,1383.36
12952,1382.84
14116,1382.74
15898,1379.63
14113,1377.92
15569,1375.71
14434,1372.8
15453,1371.77
13159,1371.25
13308,1367.61
17676,1366.77
14897,1366.38
15095,1364.7
16389,1362.27
16726,1358.74
18167,1355.51
17054,1353.83
13813,1353.41
17204,1352.91
14507,1352.88
15116,1352.75
16245,1352.36
14859,1352.04
16079,1352.0
12770,1351.45
12775,1351.24
12886,1351.09
12646,1346.97
14154,1345.62
16669,1344.88
15596,1343.34
16317,1341.65
16045,1340.7
13743,1340.15
15398,1339.63
15734,1339.45
12620,1339.41
17372,1337.18
15411,1336.43
17621,1336.1
15680,1333.68
17932,1331.57
12676,1331.39
15365,1330.45
16493,1329.66
16295,1328.55
13232,1328.35
15059,1325.82
13396,1325.29
16110,1320.95
14591,1320.21
15563,1319.69
16083,1317.62
12526,1316.66
14921,1316.07
17368,1315.72
14973,1314.45
15146,1313.66
18177,1313.62
16040,1313.55
12364,1313.1
17004,1312.14
12516,1312.06
14748,1311.79
13501,1310.47
13328,1308.48
14477,1307.81
12576,1306.98
14071,1306.16
17919,1304.04
15813,1303.91
12463,1303.63
16370,1301.91
12919,1301.44
16464,1298.66
12488,1298.66
12372,1298.04
13012,1296.62
17961,1296.44
16929,1295.39
16224,1295.3
16120,1294.14
16744,1291.91
15108,1291.75
13168,1290.54
14856,1290.53
14047,1290.01
14738,1289.94
16571,1285.22
17671,1284.08
14297,1284.06
15136,1282.45
12854,1280.9
13538,1280.85
15494,1280.58
14267,1279.09
16692,1276.0
12394,1272.48
14794,1272.11
13878,1271.57
16899,1271.06
12630,1270.88
13492,1269.84
13431,1269.1
15199,1268.7
14511,1267.41
17158,1266.97
13989,1266.08
14916,1264.84
16951,1262.75
16688,1260.86
16842,1260.44
14105,1260.33
15497,1259.7
17388,1259.56
15009,1259.43
14669,1259.24
14665,1258.38
17019,1258.08
12507,1258.06
17412,1258.06
13848,1255.0
17262,1253.36
17037,1253.22
17802,1251.84
17350,1251.44
13151,1250.37
17481,1249.34
14383,1247.69
12689,1247.61
13029,1247.5
16101,1245.96
16531,1244.59
17633,1242.34
17588,1240.2
13860,1240.0
14893,1237.85
18080,1231.5
13931,1230.93
15910,1228.88
14913,1227.43
17584,1227.3
12412,1226.88
15376,1221.56
15004,1220.77
15227,1219.4
14698,1217.27
13491,1215.82
12985,1215.62
17410,1214.72
13918,1212.84
12464,1212.05
18263,1211.08
14428,1209.37
15841,1209.1
18171,1208.51
16762,1207.24
17774,1203.78
13055,1201.96
14684,1201.51
13158,1201.06
17320,1200.62
13208,1199.65
15605,1198.23
12997,1197.94
17720,1195.94
12967,1194.75
15145,1194.73
14898,1194.11
12611,1193.32
16612,1187.66
17800,1187.21
15630,1180.4
17058,1179.89
16950,1178.56
17653,1175.88
13752,1175.38
16794,1175.3
12640,1174.58
15306,1174.35
16639,1169.38
14064,1168.92
12358,1168.06
14745,1167.16
16653,1166.92
14857,1165.65
14737,1164.55
14261,1163.45
14447,1163.23
16800,1162.65
16949,1161.27
15621,1158.77
12885,1158.27
17348,1156.6
16184,1155.54
16062,1153.62
14487,1152.73
12657,1152.06
13499,1146.96
17505,1145.84
16766,1145.6
15810,1145.43
12769,1143.6
17770,1143.27
12546,1141.5
16270,1141.24
13330,1140.93
13611,1140.8
13819,1140.35
15088,1140.27
16172,1140.21
17135,1139.73
12494,1139.35
17500,1138.0
13500,1136.77
17242,1135.04
16989,1133.25
15500,1131.56
13882,1131.28
12710,1130.57
18125,1130.1
14824,1127.71
16042,1127.57
12609,1126.85
17470,1125.07
13118,1125.0
16637,1124.59
12462,1124.01
14129,1123.86
18168,1123.74
13772,1122.63
13486,1122.41
14723,1122.36
16807,1121.59
15737,1121.21
17302,1119.93
16086,1119.31
12842,1118.99
17894,1118.96
17788,1117.9
13591,1117.13
17585,1116.68
14817,1110.34
15069,1109.53
12399,1108.65
15730,1108.38
15933,1107.46
17562,1107.38
16833,1106.53
12857,1106.4
13064,1105.59
13447,1104.23
15716,1101.11
17047,1100.9
16350,1100.47
15978,1098.78
13104,1098.48
17966,1098.43
14971,1097.98
14161,1097.62
17609,1097.48
14708,1096.67
16225,1096.32
13211,1095.42
13652,1095.08
15608,1093.68
13476,1092.77
15489,1090.03
12534,1089.18
14744,1088.53
17095,1088.2
18189,1084.34
15602,1083.63
13310,1083.63
14561,1080.76
13744,1080.52
13726,1079.66
12354,1079.4
14352,1078.96
16563,1077.74
16049,1074.81
15712,1072.36
13467,1071.91
13521,1071.73
15745,1071.24
13635,1071.03
17522,1070.71
13761,1070.65
14212,1070.48
16200,1068.87
15436,1067.75
14948,1066.57
13610,1065.88
17277,1065.35
12815,1063.46
14411,1063.0
16214,1062.75
14102,1060.33
12679,1058.67
13853,1056.94
15238,1056.54
17041,1055.69
15977,1054.73
12716,1053.49
13715,1051.99
15027,1051.95
14419,1051.79
14078,1049.37
17287,1049.06
15763,1048.67
16728,1048.28
13282,1047.84
13791,1047.68
14488,1047.43
15407,1046.74
14293,1046.56
18130,1045.74
15464,1044.65
15192,1044.32
16918,1043.34
12497,1043.1
17727,1042.55
15801,1042.19
12951,1042.07
16094,1041.83
13719,1041.68
13131,1039.3
16320,1038.46
14465,1038.44
16175,1037.59
15985,1037.42
16520,1036.62
17042,1036.58
12691,1035.8
16260,1035.45
15171,1034.5
13639,1033.34
18221,1033.31
12599,1032.58
12724,1031.41
13253,1030.4
17033,1030.14
15333,1028.56
16980,1028.46
16682,1028.0
16416,1026.99
14904,1025.44
15777,1021.61
14346,1021.58
13165,1021.48
15839,1020.74
14584,1020.06
13376,1019.76
14276,1019.39
13956,1019.27
12828,1018.71
12514,1017.68
15996,1016.68
13728,1016.14
18142,1014.9
16533,1014.19
12642,1013.26
12739,1013.04
17197,1013.01
12936,1012.9
14775,1011.9
16229,1010.6
14446,1010.35
12849,1010.29
14224,1009.73
16174,1009.55
16160,1009.45
13455,1007.35
14631,1006.98
13429,1006.8
15329,1005.5
13867,1005.09
12572,1004.72
14083,1002.9
12446,1002.31
15706,1001.81
12545,1000.39
15508,1000.27
14214,1000.23
18143,1000.16
14389,999.72
16572,999.7
15434,997.48
13032,996.52
17646,995.66
17724,995.65
17594,993.18
17096,992.68
13363,992.5
17951,990.84
14514,990.2
13410,988.91
15062,987.86
18237,987.1
14583,986.96
17324,986.48
13117,984.91
17144,984.57
16232,983.23
12510,982.57
15133,982.42
15071,982.07
16188,981.86
16085,981.51
12541,981.18
12717,980.98
18170,980.31
13509,979.72
15132,977.93
14920,977.77
17126,976.55
14223,975.23
14522,974.54
17214,974.12
15110,973.2
16009,972.11
15506,972.08
13155,971.76
17100,971.74
15449,971.22
15104,968.64
17405,967.22
14138,965.88
16376,965.47
15860,965.16
12550,964.83
14931,964.68
14195,962.7
13138,962.39
14006,962.19
15156,961.49
15658,958.9
18192,957.97
13823,957.66
15948,955.24
17244,954.9
15835,954.09
14540,952.66
15421,950.36
15793,948.96
13748,948.25
12458,947.4
15747,946.64
15681,946.36
16419,945.96
13261,944.1
12820,942.34
14075,942.26
13636,941.62
17227,939.32
12697,939.02
17097,937.92
13026,936.15
14629,935.46
15289,935.1
14256,935.06
15787,933.26
13655,932.97
14532,932.85
16934,931.03
17618,930.28
12924,929.95
16907,928.76
15201,927.84
13805,924.6
17289,922.77
15654,922.53
13122,922.39
16551,922.12
13934,922.1
15576,921.37
15312,921.1
17018,920.1
14140,920.05
13075,919.61
12822,918.98
16511,918.33
14015,917.34
14712,917.07
15707,916.98
17236,916.13
13549,916.12
15253,915.3
16216,914.93
12652,914.53
15587,913.68
15364,913.19
16809,912.74
13192,911.94
14289,911.26
13350,910.72
13689,910.0
17552,909.96
13782,908.86
13038,908.46
16584,908.03
15480,905.5
12722,904.33
15807,903.9
12994,902.22
17848,901.2
15511,900.53
13810,899.51
17044,897.43
18194,896.0
15865,895.13
17323,894.44
15211,894.41
15079,893.66
12772,892.47
14081,891.77
16361,891.21
13515,891.12
15255,890.85
14240,890.34
14344,889.93
17829,889.24
17527,888.86
17537,887.67
13035,886.63
14449,885.8
15822,885.47
17704,885.19
15799,884.14
15907,882.72
14359,882.58
18236,882.24
13037,881.07
15076,880.85
16714,879.06
14141,879.03
17731,878.2
15653,877.44
17007,877.43
14770,876.42
16513,874.59
16657,874.43
13294,873.74
13200,870.09
13979,869.87
17566,869.77
12694,869.67
13203,869.46
17886,869.28
15208,867.62
14715,867.38
14623,866.8
14597,866.24
17109,865.93
16567,865.6
17048,864.32
12680,862.81
13662,862.58
12940,862.44
16266,861.89
17649,861.74
16221,860.86
12794,860.41
13339,860.12
14577,859.71
14553,859.27
16235,858.41
13566,856.84
17064,855.45
16037,855.02
17560,854.95
16121,854.66
14193,853.39
15022,852.39
16070,852.15
16027,852.12
16020,851.01
12379,850.29
18096,849.06
12713,848.55
14625,848.48
13846,847.61
13991,847.54
16347,847.45
13221,847.41
16877,846.62
14803,845.55
12847,843.64
17624,843.48
16801,842.33
12878,841.64
14912,841.52
14862,841.2
17076,841.08
14332,840.21
13940,839.14
14657,838.27
15832,836.79
12728,836.33
17027,835.86
13835,834.57
17929,834.5
16644,833.78
15862,832.88
12693,830.96
13681,827.83
16747,826.96
12461,826.88
16494,826.53
15164,824.58
14231,822.06
13893,821.1
17921,820.23
17759,819.96
13220,819.29
17169,816.88
16943,816.73
16560,816.51
16108,816.1
15649,816.0
15399,815.77
18064,814.0
17075,813.77
16600,813.52
16621,813.48
14421,813.11
16284,812.68
17980,811.45
16460,811.23
16276,810.6
16624,810.57
16660,810.45
15965,808.87
14499,808.44
17115,806.9
13707,806.41
12421,806.27
13637,804.3
12778,804.23
12422,803.56
15644,803.54
13929,802.85
16164,802.53
18265,801.51
16367,800.67
13720,799.9
14475,799.82
17905,798.99
17703,798.74
13280,798.46
16438,798.35
13389,797.96
12701,797.71
16869,797.32
13336,795.12
15990,792.11
13167,791.33
13016,789.89
13323,787.85
15806,784.58
16054,783.9
18248,783.02
15952,781.91
17006,781.78
13884,781.3
15679,781.28
13583,781.03
14644,780.46
17797,780.43
12735,779.57
16092,779.36
13212,779.33
14815,778.5
17414,778.0
16505,777.6
13563,777.53
12425,777.2
15743,775.96
13341,775.85
16825,775.18
15414,774.9
16043,773.99
16222,773.55
15075,773.03
13375,772.9
16759,772.84
17764,772.55
17409,771.85
15353,770.12
12965,769.81
12628,769.61
16480,769.29
18228,769.2
17180,768.32
13356,768.24
13109,766.84
14976,765.86
14672,765.55
17695,765.34
14885,765.32
12434,765.19
17516,764.88
15239,764.34
17268,763.64
17466,763.28
16806,762.16
18136,761.83
15599,761.74
14412,761.33
15066,760.59
17425,759.17
16036,758.92
15568,758.29
16205,757.63
14550,757.37
14883,756.64
18104,754.64
14234,754.12
13730,752.6
13030,752.44
16725,752.32
17146,749.78
14923,749.1
17411,748.94
15656,748.5
16470,747.82
15618,747.03
15533,746.92
17387,746.81
14050,746.36
14790,745.06
13354,743.53
12374,742.93
16891,742.43
14662,741.37
13753,741.26
13900,740.95
15252,740.78
15831,740.64
13329,740.4
17114,739.72
12603,739.2
14756,738.96
12976,738.6
17461,735.82
15074,735.67
17034,734.57
16146,734.13
12465,733.89
17692,733.44
16256,732.63
13575,732.07
16770,731.9
16099,731.9
16491,731.5
14778,730.86
13950,728.56
16261,728.54
17666,728.16
13077,728.02
13236,727.27
14055,725.64
12723,725.07
15636,724.76
12468,724.04
12475,723.38
15561,722.74
16924,722.64
17521,721.96
15272,721.94
13736,721.9
13370,721.32
18062,720.52
16023,719.81
15525,719.47
15584,718.36
14869,717.7
15274,716.57
12535,716.35
17029,716.0
18133,715.5
15330,714.96
15757,714.42
18035,713.89
13169,712.88
13147,712.8
17761,712.78
17979,712.51
13416,712.5
17642,712.29
15855,712.24
13705,711.86
17179,711.79
13249,711.41
14127,709.71
16136,709.38
12427,708.37
12781,707.72
12453,707.09
17526,706.7
16364,705.79
16882,705.12
17934,704.25
17974,703.99
16140,703.77
12883,703.47
15103,703.36
16730,702.79
16997,702.0
14179,701.57
14867,701.33
17734,700.63
17812,699.81
17472,697.54
15800,696.89
17884,695.07
12413,694.15
12925,694.05
15053,693.95
13601,693.32
17198,692.22
17733,692.19
14880,690.59
17796,690.0
18085,689.95
13023,689.9
16015,689.7
17502,689.1
13799,688.86
14111,688.6
14201,688.04
16309,686.67
18196,686.63
12658,686.05
14009,685.93
14959,684.97
16122,684.42
14222,683.17
15582,682.91
17341,682.29
18135,681.91
17397,681.41
16212,681.19
12410,681.08
12478,680.99
18082,680.84
13238,680.83
15304,680.3
15181,680.28
13524,680.18
16872,680.02
16642,679.83
14788,679.44
13548,678.16
15669,677.69
13040,676.99
16377,676.2
15626,675.8
15574,675.64
18156,675.64
12942,675.6
13607,675.51
13325,675.3
13838,674.82
13355,674.7
16449,674.69
13464,674.68
17749,674.52
13951,674.45
14504,673.26
13258,672.83
14628,671.96
12838,671.95
12638,671.69
15951,669.57
14643,668.61
12418,668.58
16268,667.65
14356,666.94
15400,666.7
13741,666.33
17105,665.78
13963,664.54
17883,664.34
16208,664.26
13596,664.11
15700,664.03
14720,663.81
13240,663.65
17423,663.63
14198,663.5
17462,662.94
14603,660.0
13028,659.68
15492,659.46
13759,659.41
16357,658.88
14150,658.64
17874,658.26
16696,657.9
14818,657.8
17459,657.3
12616,657.25
15677,657.23
17321,657.16
13049,656.68
16708,656.63
17299,656.61
15197,656.44
16127,656.25
14894,655.75
14725,655.58
16774,654.92
14651,653.75
17398,653.38
18151,653.35
18121,653.3
15031,653.19
14548,652.8
17523,652.74
13623,652.4
16056,650.75
15571,650.43
16969,650.41
15098,649.5
15205,648.83
13430,648.69
16573,648.41
16495,648.26
17777,647.56
15643,647.4
17373,646.92
16734,646.76
12589,646.68
14044,646.42
15651,646.3
15038,645.84
14855,645.65
14829,644.65
17312,644.3
16157,644.24
14451,643.9
16383,643.76
14126,643.63
12612,643.59
14020,642.8
13034,642.77
17545,642.32
17046,642.02
16554,641.55
12624,641.13
13417,640.83
13318,640.76
12631,640.5
17515,639.02
16444,638.77
18160,638.06
14754,638.05
16014,637.58
14128,637.5
14481,636.51
14664,636.24
15829,636.14
15384,635.76
15773,635.68
16139,635.41
15100,635.1
15297,635.04
17779,633.92
14000,633.71
15045,633.66
13892,632.97
14220,632.4
14301,632.04
13822,632.0
14021,631.9
15244,631.57
17985,631.35
16418,631.12
17990,630.84
13046,629.31
13525,628.78
14687,628.38
16362,627.29
13518,627.16
13388,627.15
15028,627.13
15402,626.77
14036,626.65
17994,626.09
16469,625.42
16750,623.93
13368,623.4
13564,623.39
16431,623.28
15258,623.16
17499,622.88
15182,622.85
18217,621.75
16915,621.68
17640,621.66
13402,621.23
13546,621.09
16141,620.4
12667,620.13
13493,618.63
16613,618.59
12596,618.27
13301,618.09
13496,617.93
14593,617.15
14377,617.05
13925,616.65
16311,616.26
15215,615.99
14382,615.49
13145,614.77
16566,614.01
13914,613.95
18022,612.72
15073,612.43
18149,612.08
15232,612.06
15645,612.01
16109,611.88
14152,611.09
13731,610.59
12673,610.52
15795,610.01
14636,609.85
13357,609.4
16442,609.3
15275,609.19
13933,608.79
15147,608.65
12719,608.1
14342,607.71
12933,606.28
18218,606.22
16718,606.05
13539,605.84
17849,605.8
17507,605.58
13233,605.12
17664,604.64
12944,604.51
16732,603.75
12649,603.71
16134,603.69
12707,603.42
15322,602.97
16022,602.63
15366,602.51
16306,602.27
12654,601.98
14609,601.56
18183,600.52
12420,600.39
18211,600.07
12872,599.97
14905,599.9
12521,599.68
12556,599.56
14710,599.48
17420,598.83
15720,598.73
13311,598.57
16298,598.2
14645,597.09
15381,596.85
14675,596.36
14467,596.26
18246,596.1
14965,596.09
13888,595.67
16654,594.97
16763,594.9
13558,594.52
16788,594.39
14108,594.16
13959,594.04
15442,594.0
12917,594.0
16535,593.75
17119,593.61
13314,593.51
16116,592.88
13811,591.75
15573,591.19
13276,590.93
14133,590.34
13452,590.0
13270,590.0
14882,589.7
16203,589.15
15624,588.13
17351,587.15
17890,586.89
12513,586.79
13243,585.12
15222,585.0
16384,584.5
16072,584.32
14023,584.07
13557,584.06
15762,583.75
17867,583.52
15969,582.9
16838,582.9
12426,582.73
13427,582.6
18232,582.47
12695,582.1
15648,582.05
14692,582.05
15768,581.83
17259,581.23
18095,580.05
17142,579.0
13292,578.94
16005,578.71
14529,578.61
14284,578.45
16723,576.4
15550,575.63
13487,575.4
18123,574.44
14323,574.26
15303,574.02
14176,574.0
14410,573.45
13379,572.56
13405,572.45
12816,572.2
17616,571.2
15821,570.96
17540,570.4
12601,569.56
17360,568.24
13321,567.36
16667,567.18
18150,566.58
12384,566.16
16345,565.46
12577,564.2
14753,563.15
17970,562.79
17014,562.68
14167,562.59
16916,562.41
12414,562.41
13946,561.57
13044,560.47
14273,559.97
16275,559.87
14400,559.7
15415,559.61
16906,559.59
12866,559.12
17503,558.96
13800,558.32
14592,557.94
13260,557.62
15339,557.57
17955,557.3
13939,556.75
13816,555.04
16385,554.86
17864,554.85
14891,554.38
14338,554.22
15068,553.36
12879,552.57
12363,552.0
15315,551.54
17674,551.04
17291,550.8
17235,550.06
17265,550.01
12390,549.84
16031,547.9
15830,547.7
16811,547.07
17637,547.06
17295,547.0
17520,546.81
14805,546.4
17806,546.04
12793,545.48
12987,545.0
14177,544.51
16475,544.3
13617,544.18
13390,544.08
16927,543.05
16211,542.77
13278,542.73
16230,542.03
17447,541.53
17557,541.46
14997,540.98
13874,540.45
12743,540.13
13812,539.0
14496,538.81
14618,538.59
15539,538.46
16536,538.17
16278,537.83
14474,537.71
14539,537.48
16206,537.06
15043,537.0
16804,536.99
12559,536.21
13894,535.97
16142,535.34
13000,534.85
13385,534.57
16340,534.31
13434,534.24
17443,534.24
15825,532.94
12784,532.82
16706,531.35
14265,530.18
18159,530.15
16933,530.08
14002,529.73
14463,529.62
17062,529.43
16185,529.41
18043,529.29
15452,528.48
17631,528.33
15756,528.01
17623,527.05
15919,525.69
13721,524.14
17329,523.11
18017,523.0
17712,522.91
15149,520.8
17345,519.69
14873,519.68
12571,519.61
13643,519.44
16650,518.42
15030,518.28
18252,518.27
16135,517.55
17454,517.53
18205,517.36
17897,516.31
17888,515.73
12811,514.85
15246,514.15
17513,513.2
17290,513.01
17805,512.31
17429,512.12
15467,511.88
15891,511.68
12582,511.36
14851,511.35
15655,511.32
16561,511.12
16325,510.54
14034,509.09
12436,509.01
15417,508.8
17391,508.8
14317,508.58
17958,508.46
17415,507.84
14158,507.66
14820,507.29
16960,507.05
13885,506.8
17480,506.51
16614,506.19
12988,505.82
14014,505.18
15469,504.5
12863,504.2
12991,503.76
17630,503.6
13865,501.56
14871,501.28
13247,501.12
16616,500.42
15389,500.0
14077,499.42
15193,499.32
14681,498.95
15142,498.74
17298,498.42
16820,497.61
17495,497.56
15300,496.44
17053,496.38
12904,496.06
17374,495.77
15882,495.36
16602,494.73
15448,494.64
16352,494.44
17333,494.25
12763,494.08
16955,493.67
14270,492.65
16488,492.2
13732,491.86
14236,490.86
15000,490.52
14416,490.22
18074,489.6
16892,489.49
17361,488.2
13984,488.03
14396,487.99
15165,487.75
16643,487.51
15081,487.35
13675,486.82
17453,486.72
13153,486.22
12639,486.1
17658,485.88
15287,485.24
13116,485.19
16999,484.82
12809,484.36
13531,483.8
14958,483.73
12808,483.65
14450,483.25
16603,482.47
18216,481.75
13176,481.49
16863,481.35
16518,480.92
14130,480.91
15006,480.38
17555,480.31
16368,479.91
16812,479.35
16008,478.78
12644,477.91
16693,477.86
12479,477.3
15091,476.96
15344,476.58
12447,476.49
15507,475.86
15780,475.28
16859,473.14
14013,473.02
17950,472.12
13043,471.57
15721,471.4
15963,470.76
15026,469.0
13005,468.95
15557,468.91
14896,468.77
14147,468.4
14029,467.66
13579,467.04
16374,466.73
16504,465.88
13248,465.68
13928,464.57
16586,463.95
15349,463.91
14967,463.8
15109,463.75
12787,463.66
17418,463.46
14489,463.38
17964,463.21
14853,463.05
12945,462.95
14331,462.66
14470,461.19
16824,460.64
16805,460.59
12491,460.4
13092,459.83
12355,459.4
16589,459.24
17880,458.92
16768,458.04
15092,457.81
15121,457.72
14497,457.47
13398,457.34
12564,456.9
15589,456.58
15018,456.26
12999,455.88
15754,455.67
12375,455.42
15585,455.3
16529,455.25
15223,454.9
14335,454.86
15471,454.48
16038,454.33
13485,454.24
17140,454.12
15475,454.11
17564,454.01
12729,453.01
18071,453.0
14184,452.89
12591,452.85
13506,452.82
17460,452.63
18158,451.75
16574,451.44
14173,450.84
16885,450.41
17040,449.73
13489,449.52
12448,449.45
15739,449.12
18176,448.65
14780,447.68
15368,446.94
17370,446.18
18006,444.68
14638,443.6
16404,443.05
18222,443.0
16163,441.6
17579,440.2
14022,440.0
15524,440.0
18233,440.0
12391,439.66
16025,439.66
16968,439.43
13358,439.03
14513,438.49
15468,438.46
15881,438.24
14272,437.96
15877,437.83
12552,437.82
16034,437.7
12592,437.6
16898,436.68
16084,436.18
15551,436.06
16948,435.02
15456,434.59
14093,433.86
16236,432.2
16881,432.0
13338,431.82
13359,431.26
13066,430.9
13245,430.5
12795,430.48
12827,430.15
16884,429.84
15450,429.84
15230,429.6
15036,429.56
15553,428.93
13602,428.89
15957,428.89
12452,428.57
17869,428.18
15360,427.93
12725,427.8
15976,427.64
12740,427.6
13171,426.81
15930,426.63
15406,426.61
15535,426.4
15639,425.32
15646,425.14
16119,423.36
14431,423.26
17525,422.7
18240,422.58
13140,422.47
16780,422.24
16233,422.13
18106,421.9
14757,420.5
15206,420.3
15889,420.07
14124,419.58
15361,418.92
18034,418.68
17371,418.4
12593,418.1
17701,417.95
15433,417.87
17232,417.77
16737,417.6
13473,417.54
12833,417.38
17392,417.27
16816,417.06
13889,416.9
17223,416.89
15935,416.86
12493,416.79
16957,416.64
14139,415.82
15803,415.82
12580,415.7
15725,415.25
18001,415.13
16795,414.88
14998,414.87
12993,414.76
13166,414.7
15994,414.27
17483,414.04
14288,413.85
13974,413.59
16834,413.46
17134,413.2
12802,412.58
15523,412.01
16272,411.7
15186,411.41
12579,410.72
15099,410.48
15695,409.98
12930,409.9
13827,409.8
12403,409.7
14348,409.57
12990,409.5
15225,409.4
16243,409.1
16018,408.9
15269,408.8
17913,408.65
16629,408.63
16324,408.59
17931,408.36
16399,408.02
15127,406.53
16947,406.48
14616,406.08
12970,405.47
12922,405.38
15012,405.04
15938,404.58
16319,404.4
12498,403.7
17431,403.3
18036,403.12
15184,402.2
12386,401.9
15158,401.4
16500,400.86
16198,400.68
12792,400.54
13615,399.99
15809,399.21
18154,399.19
17052,399.09
17830,398.7
15522,397.99
12508,397.88
15967,397.68
17926,397.29
12824,397.12
13594,396.97
17486,396.87
15883,396.48
18067,396.33
16354,395.8
18164,394.7
16207,394.38
15386,394.14
15264,393.74
17226,393.49
14600,393.33
14620,393.28
14670,392.86
14157,392.44
16010,392.4
15837,391.98
15342,391.76
16917,391.52
13255,390.66
14910,389.86
17379,389.72
14752,389.64
16250,389.44
13352,389.28
15847,389.27
12690,389.01
15592,388.58
13899,388.52
17035,388.33
14538,388.25
17817,387.68
13673,387.44
17508,387.31
17595,386.69
14114,386.53
17614,386.32
14779,386.15
14420,385.87
13821,385.64
17711,385.1
17357,384.39
16204,384.18
17205,384.08
16982,384.06
12733,383.95
13833,383.85
17189,383.75
12515,383.7
15440,383.68
14460,383.34
15424,383.34
12832,383.03
13817,382.98
13657,382.14
17250,381.97
13873,381.7
15090,381.32
16441,381.2
12871,380.64
17138,380.5
17999,380.39
17031,380.35
17936,380.13
14731,380.02
17239,379.95
16552,379.73
13589,379.65
13656,379.65
14619,379.51
17878,379.45
16484,379.4
15885,379.35
16930,378.89
13372,378.64
13954,378.59
17438,378.3
17078,378.2
13345,377.6
15048,377.52
12982,377.2
12890,376.72
17489,376.64
14448,375.35
14048,375.13
14079,375.1
16147,375.0
14067,374.7
17492,374.57
12873,374.0
13351,373.94
16239,372.9
17375,372.5
12981,372.22
15472,371.56
16776,371.54
15975,371.01
15063,370.8
16758,369.34
14888,369.2
15345,367.69
17765,367.63
16065,367.14
18181,366.85
17911,366.23
17432,365.76
13300,365.29
16202,365.27
15429,364.9
14886,364.8
15949,364.72
12373,364.6
15343,364.5
14528,364.22
16909,364.14
12538,363.95
17330,363.9
14171,363.79
16509,363.7
16485,363.65
12915,363.65
18056,363.65
15922,363.6
14932,363.53
13856,363.4
14427,363.34
14594,363.33
16903,363.2
16378,362.95
17573,362.9
16052,362.06
15025,361.96
13844,361.62
16769,361.54
13936,361.28
14950,361.25
16305,361.22
13291,361.11
17358,360.81
16595,360.16
13780,360.01
13298,360.0
15664,358.63
17948,358.56
16823,358.38
13228,358.0
13976,357.98
17025,357.77
18040,357.2
13453,356.98
14500,356.85
15247,356.0
16372,355.73
12544,355.7
14537,355.56
17742,355.11
12845,354.09
13173,353.65
13210,353.48
14804,353.27
12617,352.98
15678,352.7
18112,352.69
16274,351.75
15901,351.73
14333,351.45
15870,351.44
15789,351.3
13923,351.13
13332,350.9
15334,350.82
13740,350.75
13919,350.16
13108,350.06
12532,349.83
13670,349.7
13887,349.55
15405,349.1
13927,348.99
17252,348.91
13790,348.8
12527,348.71
16159,348.2
13052,348.15
14379,348.1
18155,347.82
17668,347.75
12895,347.3
18127,347.08
13587,347.0
13062,346.98
15713,346.75
12566,346.7
13649,346.6
16423,346.12
16858,345.89
15840,345.66
17123,345.3
13774,345.0
14633,344.9
16978,344.33
17569,344.14
13068,344.0
15120,343.82
15047,343.62
15520,343.5
18081,343.45
12715,343.36
12875,343.23
14320,343.11
18250,342.92
17795,342.83
16851,342.45
17835,342.24
14690,341.96
16826,341.7
13347,341.36
14491,340.93
15115,340.11
13737,339.6
17045,339.44
16545,339.3
17697,338.95
16183,338.71
13569,338.62
15652,337.74
17736,337.49
15942,337.44
13930,337.34
15900,337.28
17973,337.04
16105,336.96
17384,336.4
15619,336.4
18078,336.13
14196,335.52
16063,335.32
17917,335.03
12489,334.93
14988,334.54
15466,334.53
17221,334.48
12350,334.4
15918,334.23
13216,333.74
15781,333.56
13727,333.48
16625,333.08
13904,332.64
16850,332.41
16803,332.3
16177,331.95
16030,331.24
15210,331.18
16478,331.0
12891,331.0
17862,330.9
12519,330.84
13706,330.79
14517,330.45
15130,330.11
16593,330.03
15714,330.03
12953,329.85
17615,329.6
13239,329.56
17914,329.36
17154,329.34
15153,329.25
14012,328.8
17222,328.65
16343,328.58
16855,328.4
16318,328.15
15314,327.97
14024,327.7
15579,327.6
16366,327.3
14870,327.25
16322,326.75
17715,326.4
14987,326.4
16071,326.24
12844,325.96
16830,325.91
17866,325.7
15944,325.1
15213,325.05
12790,324.92
13801,324.8
16685,324.24
18261,324.24
15675,323.69
18276,323.36
15921,323.03
13955,322.96
16627,322.8
16342,322.41
14424,322.08
14484,321.92
17976,321.79
14823,321.43
15236,321.05
13497,321.05
12365,320.69
16096,320.62
14622,320.58
13986,320.46
13091,319.82
16716,319.8
14264,319.47
16499,319.1
16967,319.02
17229,318.76
17248,318.65
14703,318.17
17839,318.15
15363,318.05
12648,318.05
18066,318.0
17267,317.2
15385,316.88
15243,316.68
16761,316.62
15204,316.58
17458,316.5
13494,316.26
14479,316.25
15872,316.25
15597,315.72
18117,315.65
12614,315.6
15766,315.06
16091,315.06
16473,314.86
17237,314.69
16193,314.45
12650,314.44
14902,314.11
15970,314.1
13484,313.8
12888,313.77
16582,313.62
14729,313.49
17172,313.26
13845,312.98
15318,312.62
16739,312.55
14555,312.54
12834,312.38
13642,312.28
17362,312.23
16450,311.92
14142,311.81
15326,311.71
14951,311.69
14327,311.65
13990,311.3
17854,311.26
13897,311.16
15185,310.62
15224,310.48
14924,310.05
15101,310.03
15661,309.8
15699,309.65
14847,309.4
17604,309.36
12884,309.05
13787,309.04
15010,308.94
13699,308.58
17510,308.48
16227,308.32
14206,308.26
16123,307.78
13529,307.76
13395,307.72
13060,307.53
14716,307.51
17120,307.46
13932,307.4
13142,307.09
15087,306.94
16668,306.72
17334,306.6
17157,306.55
13718,306.55
15659,306.45
17176,306.13
15219,305.75
12785,305.71
16796,305.62
16181,305.54
13045,305.28
12623,305.1
17941,304.56
15163,304.47
18185,304.25
17070,304.24
16674,304.24
17732,303.97
13343,303.93
16400,303.93
13083,303.75
16689,303.26
17433,303.16
16425,302.7
14248,302.58
16386,302.57
18165,302.46
15308,302.27
15054,302.1
16715,301.72
15667,301.32
15148,301.29
15623,301.03
17978,300.92
16430,300.85
16479,300.83
14762,300.52
13304,300.42
15254,300.36
17793,300.34
12852,299.75
13863,299.56
18215,299.34
13667,299.05
15880,299.03
17824,298.4
16104,298.21
17678,298.11
12881,298.0
13466,297.95
18220,297.78
18053,297.07
15857,297.0
18059,296.71
13441,296.64
17266,296.58
13751,296.25
13504,295.93
14954,294.85
17912,294.66
16781,294.65
14747,294.3
17506,294.29
15060,294.25
17124,294.24
15732,294.12
17531,293.45
16402,293.45
17163,293.1
16721,292.47
16956,292.34
14985,292.01
13502,292.0
13449,291.88
13745,291.54
17255,291.48
14656,291.05
13479,291.0
14947,290.82
17691,290.4
16526,290.36
17551,290.34
13573,290.25
14784,289.99
17464,289.96
14339,289.91
17201,289.78
14162,289.36
16125,289.35
14549,289.24
15545,288.97
17081,288.91
17501,288.6
16808,288.42
15396,288.18
17977,288.14
17760,287.59
16432,287.4
16998,287.02
13760,286.79
16555,285.89
14660,285.74
14953,285.67
17080,285.5
13708,285.33
16429,284.55
13439,283.71
17783,283.47
13259,283.18
17694,283.12
13754,282.6
13177,282.45
16557,281.85
16848,281.42
16292,280.9
14242,280.55
16149,280.52
17247,280.09
14975,279.94
15556,279.77
14480,279.05
14850,278.15
14908,277.8
15279,277.41
13803,277.07
15355,277.05
13606,276.75
13272,276.56
13544,276.06
12750,275.88
16810,275.64
16297,275.4
14512,275.28
12703,274.7
18190,274.51
16313,274.15
16883,272.48
13085,272.38
17498,272.22
14819,272.07
13917,272.04
14816,271.85
13058,271.4
17767,271.2
17254,271.19
17496,271.05
17011,270.9
16648,270.86
15774,270.8
14520,270.6
13242,270.4
17094,270.2
15609,270.03
17251,269.83
13533,269.09
14727,268.58
14508,268.05
15408,267.18
17550,267.16
15320,267.13
15517,267.03
16451,266.97
17786,266.85
14863,266.76
13837,266.59
15119,266.4
12962,266.39
17636,265.93
14068,265.85
17430,265.76
14423,265.2
17968,265.1
13973,264.7
18108,264.65
15912,264.62
17403,263.92
13369,263.75
17708,263.33
12492,263.21
17194,262.62
16413,262.2
16936,261.9
13189,260.68
14053,260.25
15143,259.45
14149,259.43
16217,259.39
13127,259.17
14452,259.05
15577,258.88
14915,258.83
14350,258.7
13277,258.4
15894,258.25
13227,257.7
15014,257.67
13626,257.23
12430,256.4
13806,256.38
16727,256.32
17896,256.32
17385,256.11
16447,255.91
15277,255.9
14761,255.9
14881,255.4
16226,255.12
15261,254.82
13121,254.73
12604,254.18
14765,254.11
15689,254.1
12829,253.05
15759,253.04
15019,252.81
15035,252.73
13404,252.49
15346,252.42
13645,252.1
13711,252.06
16836,251.87
17155,251.7
16976,251.52
13512,251.21
16024,251.03
14764,250.55
13207,250.26
16596,250.15
17303,250.04
15510,250.0
17456,249.86
17190,249.74
13061,248.61
16510,248.1
15097,248.08
13592,247.96
15107,247.66
13349,247.32
14658,247.15
15783,246.3
17278,246.04
12908,246.0
16778,245.94
17771,245.81
12660,245.1
15118,244.8
16528,244.41
17892,244.1
17925,244.08
13103,243.94
16793,243.84
16048,243.69
13886,243.56
15634,243.55
17339,243.36
16601,242.7
16215,242.35
18009,242.29
16330,242.21
15776,241.62
14523,241.09
16427,241.06
17051,240.89
15286,240.55
13565,240.22
17256,240.0
17181,239.92
15690,239.76
13570,239.49
17684,239.41
16756,239.4
18270,238.95
12561,238.85
12718,238.25
17877,237.61
15457,237.07
18024,236.78
12732,236.26
16026,236.09
14647,236.04
13187,236.02
15598,235.68
14375,235.56
15850,234.88
15462,234.6
14473,234.34
17060,234.24
16961,234.17
12736,234.0
13348,233.76
16583,233.45
13678,232.6
18213,232.48
16117,232.21
16971,232.21
15257,232.15
17908,232.03
14995,231.98
15393,231.86
17111,231.61
16641,231.1
16321,230.7
16445,230.51
17125,230.5
13786,230.4
16926,230.25
13960,230.22
14311,229.71
12812,229.64
15528,229.33
17347,228.96
13146,228.91
13712,228.84
13070,228.8
17969,228.2
16527,228.06
14569,227.39
17212,226.85
13474,226.84
17572,226.75
18005,226.47
17860,226.45
16315,226.37
12672,225.9
17789,225.9
14624,225.85
12402,225.6
14052,225.36
15483,225.26
16587,225.15
14357,225.12
17171,224.91
15154,224.73
15175,224.14
16471,223.95
16753,223.92
14929,223.88
13926,223.85
15637,223.36
17534,223.36
13382,222.99
16777,222.62
18101,222.4
14598,221.97
14960,221.27
13419,221.06
18030,220.7
16482,220.62
18114,220.1
13079,220.1
13600,219.52
15096,219.39
12702,219.0
14205,218.78
15790,218.75
13669,218.55
12574,218.45
14570,218.06
16634,217.9
16392,217.89
15554,217.2
13739,216.9
13503,216.85
12897,216.5
15604,216.39
17436,216.3
14104,216.21
13858,216.17
18212,216.07
16179,215.83
17580,215.72
16189,215.48
16519,215.08
16190,215.08
12831,215.05
12588,214.9
16338,214.8
17619,214.37
16846,214.32
15460,214.26
14793,214.14
16647,214.06
14601,213.96
13621,213.85
17153,213.78
14241,213.7
13411,213.55
16591,213.5
15540,213.3
16897,213.03
18193,212.96
16302,212.82
17928,212.54
15724,212.3
15866,211.89
16017,211.88
16411,211.7
15703,211.5
16356,210.32
13532,210.31
13828,209.49
17855,208.97
15327,208.75
17514,208.65
16690,208.63
15897,208.59
16457,208.36
18191,207.8
12547,207.8
16866,207.74
15052,207.73
16752,207.5
17923,207.5
16323,207.5
13099,207.36
15925,207.15
15820,206.98
14964,206.21
13065,205.86
17670,205.7
17843,205.48
15307,205.3
15758,205.25
13513,205.1
15319,204.5
16619,204.41
17206,204.24
18273,204.0
13017,204.0
17187,203.95
17394,203.87
17891,203.86
17376,203.2
14381,202.68
18169,202.65
14984,202.37
16895,202.27
14385,202.11
13428,201.78
15347,201.6
17889,201.37
16965,201.19
13859,201.16
18126,200.92
12995,200.72
13262,200.29
16415,200.27
15437,200.16
13980,200.14
14782,200.1
13723,199.85
15593,199.8
13322,199.48
16832,199.15
17987,198.57
13295,197.95
16178,197.9
12450,197.88
12581,197.71
14185,197.65
14789,197.64
16829,197.22
14304,197.1
15234,197.0
13436,196.89
13978,196.79
13284,196.15
16112,195.74
13792,195.55
14666,195.25
15612,195.15
17475,194.37
12797,194.18
15683,193.75
17343,193.64
15198,193.64
16847,193.44
17383,193.39
14806,193.39
14476,193.0
12522,192.72
12791,192.6
16887,192.33
17608,191.99
14100,191.95
15909,191.94
17988,191.17
15692,191.04
17233,190.88
15723,190.7
13033,190.55
15412,190.53
14501,190.31
13972,190.25
12361,189.9
17166,189.49
13663,189.47
14801,189.34
14830,188.88
14697,188.61
17781,188.02
17279,187.83
16900,187.69
18013,187.29
16124,187.15
13568,187.05
17693,187.02
14551,186.23
15567,186.01
12641,185.9
17574,185.65
17010,185.46
14199,185.4
16097,185.05
13482,184.64
17680,184.4
16433,184.26
15124,184.19
16914,183.76
16680,183.7
14059,183.6
13460,183.44
13059,183.4
14966,183.02
16448,182.99
15746,182.96
14082,182.25
16594,181.09
15886,181.09
15945,181.0
16835,180.85
18119,180.7
18280,180.6
13710,180.48
14722,180.42
12622,180.1
12586,179.94
15041,179.93
18147,179.34
15895,179.17
15454,179.1
14705,179.0
16990,179.0
16620,178.96
15139,178.96
15262,178.95
17660,178.75
14087,178.72
13778,178.7
17879,178.52
13008,178.47
15292,178.39
18045,178.34
17253,178.26
17356,178.22
13618,177.34
12618,177.31
13072,177.15
17440,177.1
17947,176.68
18282,176.6
16080,176.6
12893,176.55
12509,176.5
17582,175.27
17331,175.2
16144,175.2
18010,174.8
13826,174.65
14355,174.4
14518,174.37
18278,173.9
14798,173.74
16565,173.7
12441,173.55
17772,173.45
15565,173.16
15670,173.05
14693,172.9
12923,172.82
13271,172.37
18048,172.29
13690,172.25
13922,172.25
12442,172.06
16773,171.59
17245,171.45
13560,171.42
15432,171.19
14536,170.95
17542,170.75
15335,170.22
18058,170.16
15016,170.04
13962,169.55
14218,169.48
12367,168.9
14578,168.63
14860,168.62
18110,168.55
17904,168.32
18099,168.31
16282,168.3
17737,168.24
15986,168.12
12551,168.0
15374,168.0
16952,167.61
17367,167.55
15920,167.5
16405,167.25
14326,166.85
17650,166.08
12817,166.04
18088,166.03
17561,165.12
18042,165.05
13470,165.0
15316,165.0
15904,164.68
17535,164.4
13603,164.34
14552,164.22
14354,163.62
17110,163.3
17301,163.24
13223,163.2
14485,162.8
12920,162.78
16517,162.7
15733,162.3
18014,162.22
15325,161.74
17600,161.67
15458,161.64
16113,161.38
16403,161.05
14237,161.0
13229,160.95
15852,160.71
12573,160.54
18203,160.42
18146,160.35
14714,160.19
12966,160.18
16213,159.0
18224,158.95
13937,158.85
15167,158.8
14089,158.75
17165,158.68
15160,158.16
15348,158.04
18004,157.92
17556,157.9
14799,157.7
17344,157.62
14148,157.2
17128,157.09
14585,157.05
17118,157.02
15007,156.91
15988,156.78
14406,156.75
15438,156.58
15263,156.51
17885,156.34
13898,155.93
17871,155.9
17832,155.37
12738,155.35
15447,155.17
13809,155.05
14368,155.0
14046,154.99
17698,154.95
15740,154.88
17026,154.83
14295,154.7
17899,154.55
15226,154.41
16406,154.35
16921,154.18
17517,153.94
16351,153.9
12602,153.12
17714,153.0
16720,152.95
16248,152.94
14813,152.88
17984,152.68
18138,152.65
14066,152.55
17707,152.4
13514,152.2
14039,152.2
17898,152.06
16617,151.85
14208,151.74
16861,151.65
14362,151.5
17286,151.37
13697,151.3
14287,151.23
16337,151.05
14204,150.61
18200,150.35
15717,150.3
16932,150.23
17234,149.89
15869,149.64
17946,149.58
18262,149.48
15435,149.29
13003,149.05
17549,148.86
15526,148.44
14968,147.59
14098,147.35
13598,147.29
14037,147.2
12864,147.12
17030,146.87
14238,146.85
16893,145.93
17935,145.79
13866,145.67
15937,145.35
17524,145.0
16852,144.91
12974,144.8
15748,144.36
17186,144.0
12587,144.0
13462,143.25
15705,143.1
16461,142.92
13299,142.5
16287,142.5
13584,142.4
14386,142.4
17859,141.92
13561,141.86
14041,141.41
15888,141.27
15503,141.04
16598,140.7
15388,140.54
13420,140.35
13483,140.34
14494,139.56
14073,139.54
14768,139.5
17718,139.35
16483,139.35
14772,139.26
18209,139.1
13273,138.98
18269,138.9
12902,138.68
14581,138.6
17122,138.32
13716,138.28
15663,138.14
16050,137.9
17709,137.45
17468,137.0
15691,136.8
14247,136.77
16412,135.99
12968,135.95
15042,135.93
14889,135.9
15419,135.86
15174,135.75
16114,135.75
16665,135.4
17972,135.19
16055,134.8
14340,134.7
15562,134.55
14174,134.46
14586,134.16
12837,134.1
14280,134.04
13217,133.62
14349,133.5
12445,133.4
17881,133.35
15709,133.25
17647,133.06
12512,132.18
17785,131.94
14438,131.9
12851,131.81
17455,131.7
14795,131.45
12565,131.17
15844,130.74
16679,129.75
16623,129.45
14483,129.2
15276,128.63
16828,128.5
17297,128.18
17359,127.86
15543,127.86
13781,127.84
15135,127.15
15578,127.1
15923,127.08
14962,126.7
13279,126.3
16414,126.25
15463,126.14
16988,126.12
12814,125.92
13522,125.8
14861,125.79
14890,125.65
15017,125.58
12531,125.22
17148,124.88
17578,124.74
16849,124.57
16569,124.2
14495,123.8
16658,123.24
15917,123.1
13876,122.7
13638,122.64
18018,122.14
13244,121.74
13182,121.18
15049,121.17
14413,121.05
15512,121.0
16611,120.99
13002,120.95
17446,120.9
14165,120.44
18015,120.03
14259,120.0
14314,120.0
14453,119.93
16542,119.62
15266,119.3
16666,118.98
15843,118.95
17079,118.8
14155,118.75
14076,118.67
13581,118.0
17654,117.55
15836,117.47
16959,117.35
13877,117.24
17117,116.2
17601,116.01
14143,115.8
15350,115.65
13067,115.46
18027,115.31
14972,114.77
13188,114.6
14632,114.56
16247,114.56
17852,114.34
17219,114.23
14652,114.18
12938,114.14
14582,114.11
15221,114.1
12651,114.0
12504,114.0
14457,113.64
15445,113.5
17217,113.5
18105,113.48
16913,113.44
15280,113.12
14689,112.8
16697,112.75
13161,112.75
13807,112.6
18129,112.55
15610,112.46
17038,112.4
14271,112.32
17967,112.27
12756,112.08
13193,112.08
17957,111.68
17887,111.35
18120,111.15
13508,110.97
13144,110.95
15537,110.92
15853,110.8
13519,110.8
16963,110.55
14641,110.46
12734,110.4
17901,110.38
16792,110.38
17836,110.21
13133,109.8
16363,109.36
14699,109.13
14345,108.98
13170,108.81
17639,108.5
16106,108.38
13226,108.21
12956,108.07
14661,107.95
17274,107.82
16784,107.6
15395,107.45
17893,107.21
16757,106.83
15168,106.56
15070,106.2
17791,106.1
12929,105.1
15775,104.9
14027,104.82
15607,104.76
15958,104.35
18174,104.0
18255,103.3
14542,103.25
18011,102.79
14836,102.45
17962,102.41
14981,102.12
16462,102.0
13948,102.0
16516,101.7
18068,101.7
17643,101.55
16006,101.4
18086,101.34
13101,101.19
13235,101.17
16344,101.1
14946,100.9
17427,100.8
14371,100.5
15973,99.77
13703,99.5
17939,99.14
17746,98.8
15256,98.45
17538,98.42
17349,98.25
15422,97.7
18277,97.63
12984,97.5
17325,96.8
15216,96.6
14642,96.12
17024,95.85
17895,95.45
18249,95.34
12548,95.2
16387,94.36
16073,94.35
13651,94.2
16339,94.05
15397,94.0
18033,93.82
15428,93.78
18227,93.75
13283,93.66
17991,93.35
12821,92.72
14054,92.46
12789,91.85
13551,91.8
13160,91.8
12659,91.68
15488,91.32
14353,90.6
13947,90.6
16506,90.3
15552,90.12
16597,90.04
14117,90.0
14974,89.94
14219,89.94
12686,89.14
14436,89.06
12353,89.0
15212,88.95
15083,88.2
18084,87.53
15180,87.5
13296,87.4
16498,86.12
15541,85.13
13841,85.0
13666,84.65
12401,84.3
17309,82.75
16424,82.56
13006,81.57
17620,81.44
18281,80.82
16789,80.8
13967,80.7
17752,80.64
14109,80.2
13747,79.6
16078,79.2
15753,79.2
17942,77.5
14785,77.4
13132,77.3
13992,76.8
14373,76.55
17536,76.5
18113,76.32
16148,76.32
14090,76.32
15668,76.32
17995,76.1
17628,75.75
16610,75.66
13403,75.0
16468,74.9
18050,74.4
13095,74.4
17960,73.78
12506,73.5
18032,73.5
16171,73.2
17906,72.9
13686,72.0
13938,71.66
13185,71.4
17022,71.0
16581,70.44
18037,70.02
15863,68.84
14393,67.95
17382,65.4
17747,64.65
13130,64.0
13302,63.75
17263,63.44
14840,62.85
13218,62.64
15516,62.43
13684,62.13
15729,62.0
12665,61.75
13194,60.7
17174,59.9
13391,59.8
13682,59.5
13106,59.5
14957,58.49
13080,58.08
17775,56.4
15899,56.25
13366,56.16
14760,53.8
16349,53.5
15504,52.83
14865,52.2
15313,52.0
14682,52.0
17844,51.56
14351,51.0
13011,50.55
18184,49.8
14821,48.8
15603,48.48
16257,46.95
14080,45.6
15423,43.5
14300,43.2
15992,41.99
13832,40.95
15178,40.5
14589,39.75
12977,39.24
16659,39.12
18019,38.45
12855,38.1
16162,37.4
17816,36.56
16856,35.4
17831,35.4
14576,35.4
15744,34.8
16765,34.0
17408,32.65
15940,31.8
13120,30.6
15657,30.0
17102,25.5
16953,20.8
17986,20.8
16093,17.0
17900,15.0
13307,15.0
17763,15.0
17956,12.75
16738,3.75
16446,2.9
12454,0.0
13762,0.0
14557,0.0
12607,0.0
16878,0.0
12558,0.0
13364,0.0
16742,0.0
18274,0.0
18072,0.0
14792,0.0
18268,0.0
12346,0.0
13256,0.0
16995,-1.25
14679,-2.55
16428,-2.95
12943,-3.75
12505,-4.5
12605,-7.5
16138,-7.95
16454,-8.15
17547,-11.8
12870,-14.9
14777,-17.45
14119,-19.9
14627,-21.85
17820,-24.05
16061,-29.95
15590,-30.19
16579,-30.6
16262,-31.65
13693,-32.0
18141,-35.4
14437,-43.4
18256,-50.1
13672,-71.46
15638,-94.0
16546,-95.93
13829,-102.0
13958,-102.45
17065,-112.35
15728,-134.8
17548,-141.48
17307,-152.64
12666,-227.44
16252,-295.09
15802,-451.42
13154,-611.86
15823,-840.76
12503,-1126.0
17603,-1165.3
14213,-1192.2
15369,-1592.49
17448,-4287.63
